Ville,Type_Bien,Transaction,Surface,Prix_Loyer,Date,Titre
Casablanca,Appartement,A Louer,60.0,0.0,06/05/2026,Appartement meublé  60 m² Casablanca
Casablanca,Appartement,A Louer,62.0,0.0,05/05/2026,Appartement meublé  62 m² Casablanca
Casablanca,Appartement,A Louer,60.0,0.0,05/05/2026,Appartement meublé  60 m² Casablanca  « Maarif »
Casablanca,Appartement,A Louer,50.0,7500.0,05/05/2026,Appartement meublé 2 pièces 50 m² Casablanca  « Oasis »
Casablanca,Appartement,A Louer,58.0,2300.0,05/05/2026,Appartement  3 pièces 58 m² Casablanca  « Hay Hassani »
Casablanca,Appartement,A Louer,110.0,6000.0,04/05/2026,Appartement  4 pièces 110 m² Casablanca  « Maarif »
Casablanca,Appartement,A Louer,63.0,0.0,04/05/2026,Appartement meublé  63 m² Casablanca
Casablanca,Appartement,A Louer,56.0,2500.0,04/05/2026,Appartement  3 pièces 56 m² Casablanca
Casablanca,Appartement,A Louer,60.0,6500.0,03/05/2026,Appartement meublé 3 pièces 60 m² Casablanca
Casablanca,Appartement,A Louer,60.0,0.0,03/05/2026,Appartement meublé  60 m² Casablanca
Casablanca,Appartement,A Louer,72.0,0.0,01/05/2026,Appartement meublé  72 m² Casablanca
Casablanca,Appartement,A Louer,45.0,600.0,27/04/2026,Appartement  2 pièces 45 m² Casablanca  « Maarif »
Casablanca,Appartement,A Louer,70.0,0.0,27/04/2026,Appartement meublé  70 m² Casablanca  « Maarif »
Casablanca,Appartement,A Louer,70.0,0.0,27/04/2026,Appartement meublé 2 pièces 70 m² Casablanca  « Maarif »
Casablanca,Appartement,A Louer,45.0,600.0,26/04/2026,Appartement meublé  45 m² Casablanca  « Maarif »
Casablanca,Appartement,A Louer,6000.0,9000.0,24/04/2026,Appartement  3 pièces 6000 m² Casablanca  « Derb Ghallef »
Casablanca,Appartement,A Louer,49.0,6000.0,24/04/2026,Appartement  2 pièces 49 m² Casablanca  « Riviera »
Casablanca,Appartement,A Louer,98.0,6500.0,24/04/2026,Appartement meublé 3 pièces 98 m² Casablanca
Casablanca,Appartement,A Louer,80.0,7500.0,24/04/2026,Appartement  3 pièces 80 m² Casablanca  « Maârif Extension »
Casablanca,Appartement,A Louer,170.0,15900.0,24/04/2026,Appartement  6 pièces 170 m² Casablanca  « Racine »
Casablanca,Appartement,A Louer,180.0,13000.0,22/04/2026,Appartement  5 pièces 180 m² Casablanca  « Gauthier »
Casablanca,Appartement,A Louer,56.0,6550.0,21/04/2026,Appartement meublé 2 pièces 56 m² Casablanca  « Derb Omar »
Casablanca,Appartement,A Louer,100.0,10000.0,20/04/2026,Appartement meublé 3 pièces 100 m² Casablanca  « Les Princesses »
Casablanca,Appartement,A Louer,130.0,11000.0,19/04/2026,Appartement meublé 4 pièces 130 m² Casablanca
Casablanca,Appartement,A Louer,91.0,12000.0,19/04/2026,Appartement meublé 3 pièces 91 m² Casablanca  « Racine »
Casablanca,Appartement,A Louer,154.0,14002.0,18/04/2026,Appartement  5 pièces 154 m² Casablanca  « Val Fleuri »
Casablanca,Appartement,A Louer,40.0,600.0,18/04/2026,Appartement meublé 2 pièces 40 m² Casablanca
Casablanca,Appartement,A Louer,131.0,6500.0,18/04/2026,Appartement meublé 5 pièces 131 m² Casablanca  « Aïn Borja »
Casablanca,Appartement,A Louer,160.0,9000.0,17/04/2026,Appartement  4 pièces 160 m² Casablanca
Casablanca,Appartement,A Louer,50.0,5300.0,17/04/2026,Appartement  2 pièces 50 m² Casablanca  « Abdelmoumen »
Casablanca,Appartement,A Louer,70.0,3700.0,17/04/2026,Appartement  4 pièces 70 m² Casablanca  « Sidi Maarouf »
Casablanca,Appartement,A Louer,70.0,600.0,16/04/2026,Appartement  2 pièces 70 m² Casablanca
Casablanca,Appartement,A Louer,64.0,8500.0,16/04/2026,Appartement  2 pièces 64 m² Casablanca  « Les Princesses »
Casablanca,Appartement,A Louer,84.0,8000.0,16/04/2026,Appartement  3 pièces 84 m² Casablanca  « Beauséjour »
Casablanca,Appartement,A Louer,97.0,9000.0,16/04/2026,Appartement  3 pièces 97 m² Casablanca  « Bourgogne »
Casablanca,Appartement,A Louer,80.0,6800.0,16/04/2026,Appartement  3 pièces 80 m² Casablanca  « Riviera »
Casablanca,Appartement,A Louer,70.0,400.0,16/04/2026,Appartement  3 pièces 70 m² Casablanca
Casablanca,Appartement,A Louer,125.0,10500.0,13/04/2026,Appartement  4 pièces 125 m² Casablanca  « Maârif Extension »
Casablanca,Appartement,A Louer,45.0,7000.0,08/04/2026,Appartement meublé 2 pièces 45 m² Casablanca  « Palmier »
Casablanca,Appartement,A Louer,56.0,7000.0,06/04/2026,Appartement meublé 2 pièces 56 m² Casablanca  « Palmier »
Casablanca,Appartement,A Louer,86.0,6500.0,06/04/2026,Appartement  3 pièces 86 m² Casablanca
Casablanca,Appartement,A Louer,100.0,8500.0,06/04/2026,Appartement meublé 4 pièces 100 m² Casablanca  « Derb Ghallef »
Casablanca,Appartement,A Louer,120.0,6500.0,05/04/2026,Appartement  4 pièces 120 m² Casablanca  « Bachkou »
Casablanca,Appartement,A Louer,45.0,7000.0,05/04/2026,Appartement meublé 2 pièces 45 m² Casablanca  « Maârif Extension »
Casablanca,Appartement,A Louer,70.0,4000.0,04/04/2026,Appartement  3 pièces 70 m² Casablanca  « Aïn Borja »
Casablanca,Appartement,A Louer,52.0,6500.0,04/04/2026,Appartement meublé 2 pièces 52 m² Casablanca  « Maarif »
Casablanca,Appartement,A Louer,56.0,6500.0,03/04/2026,Appartement  2 pièces 56 m² Casablanca  « Hermitage »
Casablanca,Appartement,A Louer,48.0,4700.0,03/04/2026,Appartement meublé 2 pièces 48 m² Casablanca  « Ben Ejdia »
Casablanca,Appartement,A Louer,60.0,6000.0,02/04/2026,Appartement meublé 2 pièces 60 m² Casablanca  « Belvédère »
Casablanca,Appartement,A Louer,54.0,1800.0,31/03/2026,Appartement  3 pièces 54 m² Casablanca
Casablanca,Appartement,A Louer,62.0,500.0,26/03/2026,Appartement meublé 2 pièces 62 m² Casablanca  « Roches Noires »
Casablanca,Appartement,A Louer,75.0,4200.0,18/03/2026,Appartement  3 pièces 75 m² Casablanca  « Centre Ville »
Casablanca,Appartement,A Louer,70.0,8000.0,13/03/2026,Appartement meublé 2 pièces 70 m² Casablanca  « Racine »
Casablanca,Appartement,A Louer,60.0,8000.0,13/03/2026,Appartement meublé 2 pièces 60 m² Casablanca  « Gauthier »
Casablanca,Appartement,A Louer,165.0,15000.0,13/03/2026,Appartement  3 pièces 165 m² Casablanca  « Triangle D'or »
Casablanca,Appartement,A Louer,140.0,11700.0,13/03/2026,Appartement  3 pièces 140 m² Casablanca  « Gauthier »
Casablanca,Appartement,A Louer,102.0,9000.0,13/03/2026,Appartement meublé 3 pièces 102 m² Casablanca  « Palmier »
Casablanca,Appartement,A Louer,110.0,11500.0,13/03/2026,Appartement  4 pièces 110 m² Casablanca  « Triangle D'or »
Casablanca,Appartement,A Louer,41.0,7000.0,13/03/2026,Appartement meublé 2 pièces 41 m² Casablanca  « Les Princesses »
Casablanca,Appartement,A Louer,220.0,20000.0,13/03/2026,Appartement  5 pièces 220 m² Casablanca  « Gauthier »
Casablanca,Appartement,A Louer,165.0,16000.0,13/03/2026,Appartement  5 pièces 165 m² Casablanca  « Gauthier »
Casablanca,Appartement,A Louer,137.0,8500.0,13/03/2026,Appartement  4 pièces 137 m² Casablanca  « Aïn Diab »
Casablanca,Appartement,A Louer,46.0,8500.0,13/03/2026,Appartement meublé 2 pièces 46 m² Casablanca  « Abdelmoumen »
Casablanca,Appartement,A Louer,42.0,3700.0,12/03/2026,Appartement  2 pièces 42 m² Casablanca  « Mers Sultan »
Casablanca,Appartement,A Louer,48.0,6000.0,12/03/2026,Appartement meublé 2 pièces 48 m² Casablanca  « Maarif »
Casablanca,Appartement,A Louer,62.0,550.0,12/03/2026,Appartement meublé 2 pièces 62 m² Casablanca  « Roches Noires »
Casablanca,Appartement,A Louer,85.0,7500.0,11/03/2026,Appartement  3 pièces 85 m² Casablanca  « Les Princesses »
Casablanca,Appartement,A Louer,116.0,7800.0,11/03/2026,Appartement  3 pièces 116 m² Casablanca  « Bourgogne »
Casablanca,Appartement,A Louer,109.0,0.0,09/03/2026,Appartement meublé 4 pièces 109 m² Casablanca  « Bourgogne »
Casablanca,Appartement,A Louer,73.0,8000.0,06/03/2026,Appartement  3 pièces 73 m² Casablanca  « Aïn Diab »
Casablanca,Appartement,A Louer,60.0,8000.0,05/03/2026,Appartement  2 pièces 60 m² Casablanca  « Les Princesses »
Casablanca,Appartement,A Louer,45.0,6500.0,23/02/2026,Appartement  2 pièces 45 m² Casablanca  « Val Fleuri »
Casablanca,Appartement,A Louer,10.0,8500.0,23/02/2026,Appartement meublé 1 pièces 10 m² Casablanca  « Triangle D'or »
Casablanca,Appartement,A Louer,0.0,9000.0,23/02/2026,Appartement  2 pièces 0 m² Casablanca  « Les Princesses »
Casablanca,Appartement,A Louer,52.0,7000.0,23/02/2026,Appartement  2 pièces 52 m² Casablanca  « Bourgogne »
Casablanca,Appartement,A Louer,74.0,8500.0,23/02/2026,Appartement  3 pièces 74 m² Casablanca  « Franceville »
Casablanca,Appartement,A Louer,128.0,12000.0,23/02/2026,Appartement  4 pièces 128 m² Casablanca
Casablanca,Appartement,A Louer,150.0,9000.0,23/02/2026,Appartement  4 pièces 150 m² Casablanca  « Maarif »
Casablanca,Appartement,A Louer,87.0,8000.0,23/02/2026,Appartement  3 pièces 87 m² Casablanca  « Roches Noires »
Casablanca,Appartement,A Louer,77.0,6600.0,22/02/2026,Appartement  3 pièces 77 m² Casablanca  « Aïn Borja »
Casablanca,Appartement,A Louer,46.0,5250.0,22/02/2026,Appartement meublé 2 pièces 46 m² Casablanca  « Belvédère »
Casablanca,Appartement,A Louer,50.0,350.0,21/02/2026,Appartement meublé 2 pièces 50 m² Casablanca  « Route D'azemmour »
Casablanca,Appartement,A Louer,80.0,400.0,21/02/2026,Appartement meublé 2 pièces 80 m² Casablanca  « Centre Ville »
Casablanca,Appartement,A Louer,46.0,3500.0,20/02/2026,Appartement  2 pièces 46 m² Casablanca  « Maârif Extension »
Casablanca,Appartement,A Louer,91.0,5000.0,19/02/2026,Appartement  3 pièces 91 m² Casablanca  « Ain Sebaa »
Casablanca,Appartement,A Louer,58.0,9000.0,18/02/2026,Appartement meublé 2 pièces 58 m² Casablanca  « Les Princesses »
Casablanca,Appartement,A Louer,44.0,4000.0,17/02/2026,Appartement  2 pièces 44 m² Casablanca  « Anfa »
Casablanca,Appartement,A Louer,23.0,2200.0,17/02/2026,Appartement  1 pièces 23 m² Casablanca  « Anfa »
Casablanca,Appartement,A Louer,23.0,2000.0,17/02/2026,Appartement  1 pièces 23 m² Casablanca  « Centre Ville »
Casablanca,Appartement,A Louer,33.0,1500.0,17/02/2026,Appartement  1 pièces 33 m² Casablanca  « Belvédère »
Casablanca,Appartement,A Louer,170.0,700.0,15/02/2026,Appartement meublé 6 pièces 170 m² Casablanca  « 2 Mars »
Casablanca,Appartement,A Louer,110.0,600.0,15/02/2026,Appartement meublé 4 pièces 110 m² Casablanca
Casablanca,Appartement,A Louer,53.0,4600.0,15/02/2026,Appartement  2 pièces 53 m² Casablanca  « Centre Ville »
Casablanca,Appartement,A Louer,130.0,12000.0,14/02/2026,Appartement meublé 5 pièces 130 m² Casablanca  « Maarif »
Casablanca,Appartement,A Louer,54.0,5000.0,12/02/2026,Appartement  2 pièces 54 m² Casablanca  « Centre Ville »
Casablanca,Appartement,A Louer,160.0,11500.0,12/02/2026,Appartement  5 pièces 160 m² Casablanca  « Racine »
Casablanca,Appartement,A Louer,165.0,15000.0,11/02/2026,Appartement  3 pièces 165 m² Casablanca  « Triangle D'or »
Casablanca,Appartement,A Louer,90.0,15000.0,10/02/2026,Appartement meublé 3 pièces 90 m² Casablanca  « Maarif »
Casablanca,Appartement,A Louer,155.0,17000.0,10/02/2026,Appartement  4 pièces 155 m² Casablanca  « Racine »
Casablanca,Appartement,A Louer,110.0,12500.0,10/02/2026,Appartement  4 pièces 110 m² Casablanca  « Triangle D'or »
Casablanca,Appartement,A Louer,73.0,8500.0,10/02/2026,Appartement meublé 2 pièces 73 m² Casablanca  « Maarif »
Casablanca,Appartement,A Louer,178.0,16000.0,10/02/2026,Appartement  4 pièces 178 m² Casablanca  « Racine »
Casablanca,Appartement,A Louer,130.0,14000.0,10/02/2026,Appartement  4 pièces 130 m² Casablanca  « Racine »
Casablanca,Appartement,A Louer,50.0,5250.0,07/02/2026,Appartement meublé 2 pièces 50 m² Casablanca  « Ben Ejdia »
Rabat,Appartement,A Louer,85.0,11500.0,03/05/2026,Appartement meublé 3 pièces 85 m² Rabat  « Hassan »
Rabat,Appartement,A Louer,50.0,400.0,03/05/2026,Appartement meublé 2 pièces 50 m² Rabat  « Hassan »
Rabat,Appartement,A Louer,65.0,8200.0,02/05/2026,Appartement meublé 2 pièces 65 m² Rabat  « Agdal »
Rabat,Appartement,A Louer,95.0,8000.0,01/05/2026,Appartement  4 pièces 95 m² Rabat  « Diour Jamaa »
Rabat,Appartement,A Louer,65.0,7000.0,30/04/2026,Appartement  3 pièces 65 m² Rabat  « Agdal »
Rabat,Appartement,A Louer,90.0,12000.0,28/04/2026,Appartement  3 pièces 90 m² Rabat  « Hassan »
Rabat,Appartement,A Louer,100.0,8500.0,23/04/2026,Appartement  4 pièces 100 m² Rabat  « Hassan »
Rabat,Appartement,A Louer,25.0,3600.0,20/04/2026,Appartement  2 pièces 25 m² Rabat  « Agdal »
Rabat,Appartement,A Louer,125.0,13000.0,20/04/2026,Appartement meublé 5 pièces 125 m² Rabat  « Hassan »
Rabat,Appartement,A Louer,22.0,6000.0,18/04/2026,Appartement meublé 2 pièces 22 m² Rabat  « Hassan »
Rabat,Appartement,A Louer,135.0,7500.0,17/04/2026,Appartement  4 pièces 135 m² Rabat  « Hassan »
Rabat,Appartement,A Louer,62.0,8000.0,13/04/2026,Appartement meublé 3 pièces 62 m² Rabat  « Agdal »
Rabat,Appartement,A Louer,75.0,8500.0,11/04/2026,Appartement meublé 2 pièces 75 m² Rabat  « Hassan »
Rabat,Appartement,A Louer,60.0,4000.0,11/04/2026,Appartement  3 pièces 60 m² Rabat  « Hay Al Farah »
Rabat,Appartement,A Louer,55.0,9000.0,09/04/2026,Appartement meublé 2 pièces 55 m² Rabat  « Agdal »
Rabat,Appartement,A Louer,50.0,7000.0,07/04/2026,Appartement meublé 2 pièces 50 m² Rabat  « Hassan »
Rabat,Appartement,A Louer,60.0,600.0,06/04/2026,Appartement meublé 2 pièces 60 m² Rabat  « Agdal »
Rabat,Appartement,A Louer,55.0,8000.0,06/04/2026,Appartement meublé 2 pièces 55 m² Rabat  « Agdal »
Rabat,Appartement,A Louer,91.0,14000.0,04/04/2026,Appartement meublé 3 pièces 91 m² Rabat  « Hay Riad »
Rabat,Appartement,A Louer,80.0,700.0,02/04/2026,Appartement meublé 3 pièces 80 m² Rabat  « Hassan »
Rabat,Appartement,A Louer,90.0,700.0,01/04/2026,Appartement meublé 3 pièces 90 m² Rabat  « Hassan »
Rabat,Appartement,A Louer,28.0,2900.0,31/03/2026,Appartement  1 pièces 28 m² Rabat
Rabat,Appartement,A Louer,120.0,900.0,30/03/2026,Appartement meublé 4 pièces 120 m² Rabat  « Agdal »
Rabat,Appartement,A Louer,30.0,5000.0,28/03/2026,Appartement meublé 2 pièces 30 m² Rabat  « Hassan »
Rabat,Appartement,A Louer,60.0,600.0,26/03/2026,Appartement  2 pièces 60 m² Rabat  « Agdal »
Rabat,Appartement,A Louer,30.0,7000.0,24/03/2026,Appartement meublé 2 pièces 30 m² Rabat  « Hassan »
Rabat,Appartement,A Louer,70.0,8000.0,24/03/2026,Appartement meublé 2 pièces 70 m² Rabat  « Hassan »
Rabat,Appartement,A Louer,70.0,700.0,16/03/2026,Appartement meublé 3 pièces 70 m² Rabat  « Agdal »
Rabat,Appartement,A Louer,100.0,11000.0,13/03/2026,Appartement meublé 3 pièces 100 m² Rabat  « Agdal »
Rabat,Appartement,A Louer,60.0,600.0,27/02/2026,Appartement meublé 2 pièces 60 m² Rabat  « Haut Agdal »
Rabat,Appartement,A Louer,0.0,12000.0,23/02/2026,Appartement  4 pièces 0 m² Rabat  « Yacoub El Mansour »
Rabat,Appartement,A Louer,95.0,8500.0,23/02/2026,Appartement meublé 3 pièces 95 m² Rabat  « Agdal »
Rabat,Appartement,A Louer,55.0,4500.0,17/02/2026,Appartement  2 pièces 55 m² Rabat  « Agdal »
Rabat,Appartement,A Louer,118.0,9500.0,16/02/2026,Appartement  4 pièces 118 m² Rabat  « Hay Riad »
Rabat,Appartement,A Louer,110.0,13000.0,16/02/2026,Appartement  3 pièces 110 m² Rabat  « Haut Agdal »
Rabat,Appartement,A Louer,145.0,22000.0,14/02/2026,Appartement  4 pièces 145 m² Rabat  « Souissi »
Rabat,Appartement,A Louer,168.0,17500.0,10/02/2026,Appartement  3 pièces 168 m² Rabat  « Hassan »
Rabat,Appartement,A Louer,90.0,6500.0,09/02/2026,Appartement  3 pièces 90 m² Rabat  « Agdal »
Rabat,Appartement,A Louer,55.0,9000.0,08/02/2026,Appartement meublé 2 pièces 55 m² Rabat  « Haut Agdal »
Rabat,Appartement,A Louer,98.0,8600.0,08/02/2026,Appartement  3 pièces 98 m² Rabat
Rabat,Appartement,A Louer,78.0,9000.0,07/02/2026,Appartement  2 pièces 78 m² Rabat  « Haut Agdal »
Fès,Appartement,A Louer,100.0,1000.0,28/04/2026,Appartement  4 pièces 100 m² Fès  « Saies »
Fès,Appartement,A Louer,45.0,200.0,23/03/2026,Appartement meublé 2 pièces 45 m² Fès
Fès,Appartement,A Louer,90.0,350.0,14/03/2026,Appartement  4 pièces 90 m² Fès  « Agdal »
Fès,Appartement,A Louer,65.0,300.0,13/03/2026,Appartement meublé 3 pièces 65 m² Fès  « Centre »
Fès,Appartement,A Louer,70.0,250.0,09/03/2026,Appartement  3 pièces 70 m² Fès  « Centre »
Fès,Appartement,A Louer,76.0,250.0,09/03/2026,Appartement meublé 3 pièces 76 m² Fès  « Fès Médina »
Fès,Appartement,A Louer,65.0,350.0,09/03/2026,Appartement meublé 2 pièces 65 m² Fès  « Route Ain Chkaf »
Fès,Appartement,A Louer,35.0,200.0,09/03/2026,Appartement meublé 2 pièces 35 m² Fès  « Centre »
Fès,Appartement,A Louer,70.0,350.0,08/03/2026,Appartement meublé 3 pièces 70 m² Fès  « Centre »
Fès,Appartement,A Louer,65.0,300.0,08/03/2026,Appartement meublé 3 pièces 65 m² Fès  « Centre »
Fès,Appartement,A Louer,90.0,350.0,08/03/2026,Appartement  3 pièces 90 m² Fès  « Agdal »
Fès,Appartement,A Louer,80.0,300.0,08/03/2026,Appartement meublé 4 pièces 80 m² Fès  « Centre »
Fès,Appartement,A Louer,75.0,250.0,07/03/2026,Appartement meublé 3 pièces 75 m² Fès  « Centre »
Fès,Appartement,A Louer,90.0,350.0,07/03/2026,Appartement  5 pièces 90 m² Fès  « Ain Amiyer »
Fès,Appartement,A Louer,70.0,300.0,07/03/2026,Appartement meublé 3 pièces 70 m² Fès  « Agdal »
Fès,Appartement,A Louer,60.0,500.0,07/03/2026,Appartement meublé 2 pièces 60 m² Fès  « Centre »
Fès,Appartement,A Louer,80.0,350.0,07/03/2026,Appartement meublé 3 pièces 80 m² Fès  « Agdal »
Fès,Appartement,A Louer,50.0,250.0,05/03/2026,Appartement  2 pièces 50 m² Fès  « Ain Amiyer »
Fès,Appartement,A Louer,56.0,250.0,05/03/2026,Appartement  2 pièces 56 m² Fès  « Ain Amiyer »
Fès,Appartement,A Louer,90.0,600.0,27/02/2026,Appartement  4 pièces 90 m² Fès  « Oued Fès »
Fès,Appartement,A Louer,96.0,400.0,12/02/2026,Appartement meublé 4 pièces 96 m² Fès  « Route Ain Chkaf »
Fès,Appartement,A Louer,70.0,300.0,10/02/2026,Appartement meublé 2 pièces 70 m² Fès  « Route Ain Chkaf »
Fès,Appartement,A Louer,60.0,300.0,10/02/2026,Appartement meublé 3 pièces 60 m² Fès  « Route Ain Chkaf »
Marrakech,Appartement,A Louer,60.0,300.0,04/05/2026,Appartement  3 pièces 60 m² Marrakech
Marrakech,Appartement,A Louer,50.0,22.0,02/05/2026,Appartement  2 pièces 50 m² Marrakech  « Route De Lalla Takerkoust »
Marrakech,Appartement,A Louer,78.0,550.0,01/05/2026,Appartement meublé 3 pièces 78 m² Marrakech
Marrakech,Appartement,A Louer,80.0,400.0,26/04/2026,Appartement  3 pièces 80 m² Marrakech  « M'hamid »
Marrakech,Appartement,A Louer,96.0,4000.0,19/04/2026,Appartement  4 pièces 96 m² Marrakech  « M'hamid »
Marrakech,Appartement,A Louer,40.0,6200.0,17/04/2026,Appartement meublé 2 pièces 40 m² Marrakech  « Victor Hugo »
Marrakech,Appartement,A Louer,100.0,600.0,17/04/2026,Appartement  3 pièces 100 m² Marrakech  « Guéliz »
Marrakech,Appartement,A Louer,85.0,300.0,16/04/2026,Appartement meublé 4 pièces 85 m² Marrakech  « Guéliz »
Marrakech,Appartement,A Louer,90.0,300.0,11/04/2026,Appartement meublé 4 pièces 90 m² Marrakech  « Guéliz »
Marrakech,Appartement,A Louer,65.0,7000.0,07/04/2026,Appartement   65 m² Marrakech  « Hay Izdihar »
Marrakech,Appartement,A Louer,70.0,3700.0,07/04/2026,Appartement  3 pièces 70 m² Marrakech  « Hay Targa »
Marrakech,Appartement,A Louer,90.0,400.0,06/04/2026,Appartement meublé 4 pièces 90 m² Marrakech  « Guéliz »
Marrakech,Appartement,A Louer,50.0,400.0,03/04/2026,Appartement meublé 3 pièces 50 m² Marrakech  « Route De Casablanca »
Marrakech,Appartement,A Louer,88.0,300.0,25/03/2026,Appartement meublé 4 pièces 88 m² Marrakech  « Guéliz »
Marrakech,Appartement,A Louer,90.0,350.0,24/03/2026,Appartement meublé 3 pièces 90 m² Marrakech  « Guéliz »
Marrakech,Appartement,A Louer,64.0,5500.0,21/03/2026,Appartement meublé 3 pièces 64 m² Marrakech  « Route De Casablanca »
Marrakech,Appartement,A Louer,80.0,8000.0,21/03/2026,Appartement  3 pièces 80 m² Marrakech  « Guéliz »
Marrakech,Appartement,A Louer,90.0,300.0,19/03/2026,Appartement meublé 4 pièces 90 m² Marrakech  « Guéliz »
Marrakech,Appartement,A Louer,90.0,300.0,14/03/2026,Appartement meublé 4 pièces 90 m² Marrakech  « Guéliz »
Marrakech,Appartement,A Louer,800.0,800.0,12/03/2026,Appartement meublé 2 pièces 800 m² Marrakech  « Guéliz »
Marrakech,Appartement,A Louer,90.0,300.0,12/03/2026,Appartement meublé 4 pièces 90 m² Marrakech  « Guéliz »
Marrakech,Appartement,A Louer,90.0,300.0,09/03/2026,Appartement meublé 4 pièces 90 m² Marrakech  « Guéliz »
Marrakech,Appartement,A Louer,40.0,600.0,09/03/2026,Appartement  2 pièces 40 m² Marrakech  « Guéliz »
Marrakech,Appartement,A Louer,40.0,600.0,09/03/2026,Appartement meublé 2 pièces 40 m² Marrakech  « Guéliz »
Marrakech,Appartement,A Louer,100.0,800.0,06/03/2026,Appartement meublé 3 pièces 100 m² Marrakech  « Guéliz »
Marrakech,Appartement,A Louer,40.0,600.0,06/03/2026,Appartement  1 pièces 40 m² Marrakech  « Guéliz »
Marrakech,Appartement,A Louer,40.0,600.0,06/03/2026,Appartement  2 pièces 40 m² Marrakech
Marrakech,Appartement,A Louer,90.0,600.0,05/03/2026,Appartement meublé 3 pièces 90 m² Marrakech  « Guéliz »
Marrakech,Appartement,A Louer,77.0,300.0,28/02/2026,Appartement meublé 3 pièces 77 m² Marrakech  « Guéliz »
Marrakech,Appartement,A Louer,88.0,15000.0,25/02/2026,Appartement  3 pièces 88 m² Marrakech  « Palmeraie »
Marrakech,Appartement,A Louer,78.0,13000.0,25/02/2026,Appartement  3 pièces 78 m² Marrakech  « Hivernage »
Marrakech,Appartement,A Louer,88.0,300.0,24/02/2026,Appartement meublé 4 pièces 88 m² Marrakech  « Guéliz »
Marrakech,Appartement,A Louer,40.0,700.0,20/02/2026,Appartement meublé 1 pièces 40 m² Marrakech  « Guéliz »
Marrakech,Appartement,A Louer,0.0,4500.0,08/02/2026,Appartement  3 pièces 0 m² Marrakech  « Route De Casablanca »
Marrakech,Appartement,A Louer,55.0,6000.0,07/02/2026,Appartement meublé 2 pièces 55 m² Marrakech  « Mabrouka »
Tanger,Appartement,A Louer,0.0,5500.0,02/05/2026,Appartement  3 pièces 0 m² Tanger  « Marjane »
Tanger,Appartement,A Louer,40.0,1200.0,22/04/2026,Appartement  2 pièces 40 m² Tanger  « Centre Ville »
Tanger,Appartement,A Louer,100.0,4000.0,22/04/2026,Appartement  4 pièces 100 m² Tanger
Tanger,Appartement,A Louer,0.0,0.0,21/04/2026,Appartement  3 pièces 0 m² Tanger  « Malabata »
Tanger,Appartement,A Louer,0.0,4000.0,21/04/2026,Appartement  3 pièces 0 m² Tanger  « Marjane »
Tanger,Appartement,A Louer,70.0,350.0,17/04/2026,Appartement meublé 3 pièces 70 m² Tanger  « Marjane »
Tanger,Appartement,A Louer,60.0,0.0,16/04/2026,Appartement meublé 3 pièces 60 m² Tanger  « Ziatene »
Tanger,Appartement,A Louer,78.0,4500.0,15/04/2026,Appartement  3 pièces 78 m² Tanger  « Ahlane »
Tanger,Appartement,A Louer,60.0,3500.0,13/04/2026,Appartement  3 pièces 60 m² Tanger  « Val Fleuri »
Tanger,Appartement,A Louer,100.0,6300.0,13/04/2026,Appartement meublé 4 pièces 100 m² Tanger  « Marjane »
Tanger,Appartement,A Louer,117.0,11000.0,11/04/2026,Appartement meublé 3 pièces 117 m² Tanger  « Malabata »
Tanger,Appartement,A Louer,73.0,5000.0,10/04/2026,Appartement meublé 3 pièces 73 m² Tanger  « Hay Hassani »
Tanger,Appartement,A Louer,65.0,800.0,05/04/2026,Appartement  4 pièces 65 m² Tanger  « Mozart »
Tanger,Appartement,A Louer,100.0,17000.0,31/03/2026,Appartement meublé 3 pièces 100 m² Tanger  « Malabata »
Tanger,Appartement,A Louer,104.0,7500.0,27/03/2026,Appartement meublé 4 pièces 104 m² Tanger
Tanger,Appartement,A Louer,130.0,5000.0,10/03/2026,Appartement  5 pièces 130 m² Tanger  « Castilla »
Tanger,Appartement,A Louer,55.0,3500.0,05/03/2026,Appartement  3 pièces 55 m² Tanger
Tanger,Appartement,A Louer,160.0,14600.0,04/03/2026,Appartement  5 pièces 160 m² Tanger  « Jbel Kbir »
Tanger,Appartement,A Louer,95.0,6200.0,26/02/2026,Appartement  3 pièces 95 m² Tanger  « Mozart »
Tanger,Appartement,A Louer,70.0,5000.0,23/02/2026,Appartement meublé 3 pièces 70 m² Tanger  « Du Golf »
Tanger,Appartement,A Louer,90.0,7000.0,13/02/2026,Appartement  3 pièces 90 m² Tanger  « Administratif »
Agadir,Appartement,A Louer,60.0,400.0,05/05/2026,Appartement  4 pièces 60 m² Agadir
Agadir,Appartement,A Louer,80.0,500.0,04/05/2026,Appartement  3 pièces 80 m² Agadir
Agadir,Appartement,A Louer,85.0,7300.0,01/05/2026,Appartement meublé 3 pièces 85 m² Agadir  « Haut-Founty »
Agadir,Appartement,A Louer,64.0,600.0,20/04/2026,Appartement meublé 3 pièces 64 m² Agadir  « Anza »
Agadir,Appartement,A Louer,80.0,300.0,12/04/2026,Appartement  3 pièces 80 m² Agadir
Agadir,Appartement,A Louer,80.0,399.0,07/04/2026,Appartement  3 pièces 80 m² Agadir
Agadir,Appartement,A Louer,80.0,350.0,06/04/2026,Appartement  3 pièces 80 m² Agadir
Agadir,Appartement,A Louer,80.0,350.0,04/04/2026,Appartement  3 pièces 80 m² Agadir
Agadir,Appartement,A Louer,80.0,300.0,04/04/2026,Appartement  3 pièces 80 m² Agadir
Agadir,Appartement,A Louer,80.0,350.0,03/04/2026,Appartement  3 pièces 80 m² Agadir
Agadir,Appartement,A Louer,80.0,300.0,03/04/2026,Appartement  3 pièces 80 m² Agadir
Agadir,Appartement,A Louer,80.0,350.0,02/04/2026,Appartement  3 pièces 80 m² Agadir
Agadir,Appartement,A Louer,80.0,399.0,01/04/2026,Appartement  3 pièces 80 m² Agadir
Agadir,Appartement,A Louer,80.0,400.0,01/04/2026,Appartement  3 pièces 80 m² Agadir
Agadir,Appartement,A Louer,90.0,400.0,01/04/2026,Appartement  3 pièces 90 m² Agadir
Agadir,Appartement,A Louer,85.0,500.0,01/04/2026,Appartement meublé 3 pièces 85 m² Agadir
Agadir,Appartement,A Louer,80.0,350.0,01/04/2026,Appartement  3 pièces 80 m² Agadir
Agadir,Appartement,A Louer,80.0,350.0,31/03/2026,Appartement  3 pièces 80 m² Agadir
Agadir,Appartement,A Louer,70.0,350.0,31/03/2026,Appartement  3 pièces 70 m² Agadir
Agadir,Appartement,A Louer,80.0,400.0,31/03/2026,Appartement  3 pièces 80 m² Agadir
Agadir,Appartement,A Louer,70.0,3500.0,31/03/2026,Appartement  3 pièces 70 m² Agadir  « Cité Adrar »
Agadir,Appartement,A Louer,80.0,450.0,30/03/2026,Appartement  3 pièces 80 m² Agadir
Agadir,Appartement,A Louer,80.0,350.0,29/03/2026,Appartement  4 pièces 80 m² Agadir
Agadir,Appartement,A Louer,100.0,400.0,29/03/2026,Appartement  3 pièces 100 m² Agadir
Agadir,Appartement,A Louer,80.0,400.0,29/03/2026,Appartement  3 pièces 80 m² Agadir
Agadir,Appartement,A Louer,100.0,1300.0,28/03/2026,Appartement  3 pièces 100 m² Agadir  « Marina »
Agadir,Appartement,A Louer,75.0,700.0,28/03/2026,Appartement  2 pièces 75 m² Agadir  « Marina »
Agadir,Appartement,A Louer,65.0,400.0,28/03/2026,Appartement  3 pièces 65 m² Agadir  « Hay Mohammadi »
Agadir,Appartement,A Louer,80.0,400.0,26/03/2026,Appartement  3 pièces 80 m² Agadir
Agadir,Appartement,A Louer,110.0,700.0,26/03/2026,Appartement  3 pièces 110 m² Agadir  « Founty »
Agadir,Appartement,A Louer,80.0,800.0,26/03/2026,Appartement  2 pièces 80 m² Agadir  « Marina »
Agadir,Appartement,A Louer,85.0,300.0,25/03/2026,Appartement  3 pièces 85 m² Agadir  « Hay Salam »
Agadir,Appartement,A Louer,65.0,300.0,22/03/2026,Appartement meublé 3 pièces 65 m² Agadir  « Hay Salam »
Agadir,Appartement,A Louer,80.0,9000.0,21/03/2026,Appartement  3 pièces 80 m² Agadir
Agadir,Appartement,A Louer,60.0,7000.0,21/03/2026,Appartement  2 pièces 60 m² Agadir
Agadir,Appartement,A Louer,80.0,11000.0,21/03/2026,Appartement  3 pièces 80 m² Agadir
Agadir,Appartement,A Louer,88.0,8500.0,21/03/2026,Appartement  3 pièces 88 m² Agadir
Agadir,Appartement,A Louer,100.0,300.0,20/03/2026,Appartement  2 pièces 100 m² Agadir  « Sonaba »
Agadir,Appartement,A Louer,130.0,399.0,20/03/2026,Appartement  3 pièces 130 m² Agadir
Agadir,Appartement,A Louer,120.0,499.0,20/03/2026,Appartement  3 pièces 120 m² Agadir  « Hay Mohammadi »
Agadir,Appartement,A Louer,100.0,399.0,20/03/2026,Appartement  2 pièces 100 m² Agadir
Agadir,Appartement,A Louer,120.0,450.0,20/03/2026,Appartement  3 pièces 120 m² Agadir  « Centre Ville »
Agadir,Appartement,A Louer,130.0,399.0,19/03/2026,Appartement  3 pièces 130 m² Agadir  « Marina »
Agadir,Appartement,A Louer,100.0,399.0,19/03/2026,Appartement  2 pièces 100 m² Agadir  « Hay Mohammadi »
Agadir,Appartement,A Louer,120.0,499.0,19/03/2026,Appartement meublé 3 pièces 120 m² Agadir  « Founty »
Agadir,Appartement,A Louer,100.0,499.0,19/03/2026,Appartement meublé 2 pièces 100 m² Agadir  « Marina »
Agadir,Appartement,A Louer,93.0,10000.0,08/03/2026,Appartement meublé 5 pièces 93 m² Agadir  « Hay Massira »
Agadir,Appartement,A Louer,60.0,5000.0,02/03/2026,Appartement meublé 3 pièces 60 m² Agadir  « Hay Mohammadi »
Meknès,Appartement,A Louer,60.0,300.0,01/05/2026,Appartement  3 pièces 60 m² Meknès  « Marjane 2 »
Meknès,Appartement,A Louer,85.0,5500.0,21/04/2026,Appartement meublé 4 pièces 85 m² Meknès  « Marjane 2 »
Meknès,Appartement,A Louer,95.0,3000.0,24/03/2026,Appartement  4 pièces 95 m² Meknès
Meknès,Appartement,A Louer,60.0,1600.0,23/03/2026,Appartement  4 pièces 60 m² Meknès  « Hamria »
Meknès,Appartement,A Louer,60.0,300.0,15/03/2026,Appartement  3 pièces 60 m² Meknès  « Marjane 2 »
Meknès,Appartement,A Louer,90.0,300.0,13/03/2026,Appartement meublé 3 pièces 90 m² Meknès  « Marjane 2 »
Meknès,Appartement,A Louer,60.0,3500.0,27/02/2026,Appartement meublé 3 pièces 60 m² Meknès  « Marjane 2 »
Meknès,Appartement,A Louer,90.0,300.0,20/02/2026,Appartement meublé 3 pièces 90 m² Meknès  « Marjane 2 »
Meknès,Appartement,A Louer,130.0,350.0,10/02/2026,Appartement  4 pièces 130 m² Meknès  « Marjane 2 »
Oujda,Appartement,A Louer,100.0,2500.0,30/04/2026,Appartement  3 pièces 100 m² Oujda  « Jawhara »
Oujda,Appartement,A Louer,100.0,2500.0,07/04/2026,Appartement  3 pièces 100 m² Oujda  « Boustane »
Oujda,Appartement,A Louer,100.0,400.0,06/04/2026,Appartement meublé 4 pièces 100 m² Oujda  « Centre Ville »
Oujda,Appartement,A Louer,60.0,300.0,25/03/2026,Appartement meublé 3 pièces 60 m² Oujda  « Iris »
Oujda,Appartement,A Louer,110.0,300.0,14/03/2026,Appartement meublé 4 pièces 110 m² Oujda  « Boustane »
Oujda,Appartement,A Louer,54.0,300.0,25/02/2026,Appartement  3 pièces 54 m² Oujda  « Iris »
Kénitra,Appartement,A Louer,75.0,400.0,11/04/2026,Appartement  3 pièces 75 m² Kenitra  « Centre »
Kénitra,Appartement,A Louer,138.0,4000.0,07/04/2026,Appartement  4 pièces 138 m² Kenitra  « Maamora »
Kénitra,Appartement,A Louer,105.0,3800.0,18/03/2026,Appartement  3 pièces 105 m² Kenitra  « Alliance »
Kénitra,Appartement,A Louer,120.0,4000.0,13/03/2026,Appartement  4 pièces 120 m² Kenitra  « La Ville Haute »
Tétouan,Appartement,A Louer,90.0,3000.0,21/04/2026,Appartement  3 pièces 90 m² Tétouan  « Safir »
Tétouan,Appartement,A Louer,75.0,4500.0,21/04/2026,Appartement meublé 3 pièces 75 m² Tétouan  « Al Azhar »
Tétouan,Appartement,A Louer,65.0,350.0,18/04/2026,Appartement   65 m² Tétouan
Tétouan,Appartement,A Louer,69.0,250.0,15/03/2026,Appartement meublé 3 pièces 69 m² Tétouan
Tétouan,Appartement,A Louer,90.0,4000.0,04/03/2026,Appartement  3 pièces 90 m² Tétouan
Tétouan,Appartement,A Louer,60.0,4000.0,10/02/2026,Appartement meublé 3 pièces 60 m² Tétouan  « Mhannech »
Salé,Appartement,A Louer,60.0,3000.0,29/04/2026,Appartement meublé 3 pièces 60 m² Salé  « Hay Karima »
Salé,Appartement,A Louer,85.0,11500.0,28/04/2026,Appartement meublé 3 pièces 85 m² Salé  « Tabriquet »
Salé,Appartement,A Louer,70.0,350.0,27/04/2026,Appartement meublé 4 pièces 70 m² Salé  « Sidi Abdellah »
Salé,Appartement,A Louer,60.0,5000.0,08/04/2026,Appartement meublé 3 pièces 60 m² Salé  « Said Hajji »
Salé,Appartement,A Louer,120.0,5000.0,21/02/2026,Appartement  4 pièces 120 m² Salé  « Sala El Jadida »
Salé,Appartement,A Louer,57.0,3500.0,08/02/2026,Appartement  3 pièces 57 m² Salé  « Sala El Jadida »
Mohammedia,Appartement,A Louer,82.0,700.0,05/05/2026,Appartement meublé 3 pièces 82 m² Mohammedia
Mohammedia,Appartement,A Louer,67.0,500.0,15/04/2026,Appartement meublé 2 pièces 67 m² Mohammedia  « Quartier Du Parc »
Mohammedia,Appartement,A Louer,70.0,5000.0,28/03/2026,Appartement meublé 3 pièces 70 m² Mohammedia  « Mimosas »
Mohammedia,Appartement,A Louer,50.0,5000.0,01/03/2026,Appartement  2 pièces 50 m² Mohammedia
Nador,Appartement,A Louer,72.0,6000.0,01/05/2026,Appartement  3 pièces 72 m² Temara  « Harhoura »
Nador,Appartement,A Louer,78.0,4300.0,01/05/2026,Appartement  3 pièces 78 m² Temara  « Centre Ville »
Nador,Appartement,A Louer,111.0,4500.0,30/04/2026,Appartement  4 pièces 111 m² Temara  « Wifak »
Nador,Appartement,A Louer,62.0,6500.0,25/04/2026,Appartement meublé 2 pièces 62 m² Temara  « Centre Ville »
Nador,Appartement,A Louer,80.0,7000.0,14/04/2026,Appartement meublé 3 pièces 80 m² Temara  « Wifak »
Nador,Appartement,A Louer,69.0,3800.0,30/03/2026,Appartement  3 pièces 69 m² Temara  « Ain Atig »
Nador,Appartement,A Louer,128.0,8000.0,23/02/2026,Appartement  3 pièces 128 m² Temara  « Val D'or »
Nador,Appartement,A Louer,100.0,7000.0,16/02/2026,Appartement  2 pièces 100 m² Temara
Nador,Appartement,A Louer,65.0,3500.0,09/02/2026,Appartement meublé 4 pièces 65 m² Temara  « Ain Atig »
Bouskoura,Appartement,A Louer,300.0,30000.0,24/02/2026,Appartement  6 pièces 300 m² Bouskoura
Bouznika,Appartement,A Louer,150.0,1600.0,28/04/2026,Appartement  4 pièces 150 m² Bouznika  « Plage Oued Cherrat »
Bouznika,Appartement,A Louer,75.0,500.0,19/04/2026,Appartement meublé 3 pièces 75 m² Bouznika
Bouznika,Appartement,A Louer,74.0,600.0,09/04/2026,Appartement meublé 3 pièces 74 m² Bouznika  « Quartier Industriel »
Bouznika,Appartement,A Louer,74.0,600.0,08/04/2026,Appartement meublé 3 pièces 74 m² Bouznika  « Quartier Industriel »
Bouznika,Appartement,A Louer,74.0,600.0,16/03/2026,Appartement meublé 3 pièces 74 m² Bouznika
Bouznika,Appartement,A Louer,79.0,600.0,10/02/2026,Appartement meublé 3 pièces 79 m² Bouznika
Bouznika,Appartement,A Louer,100.0,0.0,08/02/2026,Appartement  4 pièces 100 m² Bouznika
Bouznika,Appartement,A Louer,65.0,600.0,07/02/2026,Appartement meublé 3 pièces 65 m² Bouznika  « Quartier Industriel »
Settat,Appartement,A Louer,50.0,3000.0,08/02/2026,Appartement meublé 1 pièces 50 m² Nador  « Hay El Matar »
Taza,Appartement,A Louer,90.0,5000.0,06/05/2026,Appartement  4 pièces 90 m² El jadida  « Amal »
Taza,Appartement,A Louer,70.0,159.0,09/04/2026,Appartement  3 pièces 70 m² El jadida  « Saada »
Taza,Appartement,A Louer,70.0,160.0,09/04/2026,Appartement  3 pièces 70 m² El jadida  « Saada »
Taza,Appartement,A Louer,70.0,165.0,09/04/2026,Appartement  3 pièces 70 m² El jadida  « Saada »
Taza,Appartement,A Louer,83.0,5000.0,04/04/2026,Appartement  3 pièces 83 m² El jadida  « Quartier Aérodrome »
Taza,Appartement,A Louer,92.0,1200.0,30/03/2026,Appartement meublé 3 pièces 92 m² El jadida
Taza,Appartement,A Louer,70.0,145.0,18/02/2026,Appartement  3 pièces 70 m² El jadida  « Saada »
Meknès,Maison,A Louer,100.0,300.0,15/04/2026,Maison meublé 3 pièces 100 m² Meknès  « Hamria »
Rabat,Villa,A Louer,500.0,60000.0,03/04/2026,Villa  7 pièces 500 m² Rabat  « Les Ambassadeurs »
Rabat,Villa,A Louer,650.0,55000.0,23/02/2026,Villa  6 pièces 650 m² Rabat  « Hay Riad »
Rabat,Villa,A Louer,300.0,20000.0,23/02/2026,Villa  6 pièces 300 m² Rabat  « Agdal »
Rabat,Villa,A Louer,500.0,45000.0,23/02/2026,Villa  5 pièces 500 m² Rabat  « Souissi »
Marrakech,Villa,A Louer,400.0,1000.0,05/05/2026,Villa  4 pièces 400 m² Marrakech  « Hay Targa »
Marrakech,Villa,A Louer,80.0,18000.0,28/04/2026,Villa meublé 3 pièces 80 m² Marrakech  « Sidi Abdellah Ghiat »
Bouskoura,Villa,A Louer,0.0,30000.0,23/02/2026,Villa  7 pièces 0 m² Bouskoura
Bouznika,Villa,A Louer,700.0,22000.0,24/04/2026,Villa meublé 7 pièces 700 m² Bouznika
Bouznika,Villa,A Louer,100.0,2300.0,17/04/2026,Villa meublé 7 pièces 100 m² Bouznika
Casablanca,Bureau,A Louer,143.0,10000.0,02/04/2026,Bureaux  2 pièces 143 m² Casablanca  « Bourgogne »
Casablanca,Bureau,A Louer,59.0,7000.0,17/03/2026,Bureaux  1 pièces 59 m² Casablanca  « Errahma »
Casablanca,Bureau,A Louer,44.0,13500.0,15/03/2026,Bureaux   44 m² Casablanca
Casablanca,Bureau,A Louer,50.0,8000.0,09/03/2026,Bureaux  2 pièces 50 m² Casablanca  « Bourgogne »
Casablanca,Bureau,A Louer,56.0,8000.0,27/02/2026,Bureaux  2 pièces 56 m² Casablanca  « Abdelmoumen »
Rabat,Bureau,A Louer,600.0,150000.0,10/04/2026,Bureaux   600 m² Rabat  « Agdal »
Rabat,Bureau,A Louer,270.0,35000.0,23/02/2026,Bureaux  2 pièces 270 m² Rabat  « Agdal »
Marrakech,Bureau,A Louer,125.0,17000.0,25/02/2026,Bureaux   125 m² Marrakech  « Route De Casablanca »
Tanger,Bureau,A Louer,90.0,7500.0,05/05/2026,Bureaux  4 pièces 90 m² Tanger
Tanger,Bureau,A Louer,160.0,12000.0,04/05/2026,Bureaux  6 pièces 160 m² Tanger  « El Majd »
Tanger,Bureau,A Louer,50.0,4700.0,23/04/2026,Bureaux  3 pièces 50 m² Tanger
Agadir,Bureau,A Louer,80.0,9000.0,08/02/2026,Bureaux  3 pièces 80 m² Agadir  « El Houda »
Agadir,Bureau,A Louer,124.0,12400.0,06/02/2026,Bureaux meublé  124 m² Agadir  « Abattoirs »
Meknès,Bureau,A Louer,0.0,3000.0,02/05/2026,Bureaux  3 pièces 0 m² Meknès  « Hamria »
Casablanca,Local_Commercial,A Louer,60.0,15000.0,15/02/2026,Local commercial   60 m² Casablanca
Casablanca,Local_Commercial,A Louer,111.0,17000.0,14/02/2026,Local commercial   111 m² Casablanca  « Hôpitaux »
Casablanca,Local_Commercial,A Louer,19.0,5000.0,07/02/2026,Local commercial   19 m² Casablanca  « Hay Hassani »
Rabat,Local_Commercial,A Louer,326.0,25000.0,17/04/2026,Local commercial   326 m² Rabat  « Hassan »
Marrakech,Local_Commercial,A Louer,56.0,5000.0,08/03/2026,Local commercial   56 m² Marrakech  « Iziki »
Tanger,Local_Commercial,A Louer,125.0,22000.0,04/05/2026,Local commercial   125 m² Tanger  « El Majd »
Tanger,Local_Commercial,A Louer,22.0,1500.0,17/04/2026,Local commercial   22 m² Tanger
Tanger,Local_Commercial,A Louer,360.0,16500.0,17/04/2026,Local commercial  2 pièces 360 m² Tanger
Tanger,Local_Commercial,A Louer,90.0,8000.0,01/04/2026,Local commercial   90 m² Tanger  « Tanja Balia »
Tanger,Local_Commercial,A Louer,500.0,45000.0,25/03/2026,Local commercial  1 pièces 500 m² Tanger
Tanger,Local_Commercial,A Louer,250.0,35000.0,13/03/2026,Local commercial   250 m² Tanger  « De La Plage »
Tanger,Local_Commercial,A Louer,90.0,5000.0,23/02/2026,Local commercial   90 m² Tanger  « Branes Kdima »
Kénitra,Local_Commercial,A Louer,10.0,2500.0,30/03/2026,Local commercial   10 m² Kenitra  « Kasbat El Mehdia »
Kénitra,Local_Commercial,A Louer,63.0,7000.0,19/03/2026,Local commercial   63 m² Kenitra  « Bir Rami »
Kénitra,Local_Commercial,A Louer,2000.0,2000.0,12/03/2026,Local commercial  2 pièces 2000 m² Kenitra  « Kasbat El Mehdia »
Béni Mellal,Local_Commercial,A Louer,25.0,6000.0,18/02/2026,Local commercial   25 m² Khouribga
